,mean_abs_shap
log_net_units,0.5243108601592664
transit_priority,0.40394472160409534
utilization,0.37862194731810894
max_density,0.29280079455318264
log_acres,0.26659946059026657
dist_downtown_km,0.1947116221351543
lu_vacant,0.15895763951484207
nbr_log_capacity_400m,0.15895276943988834
lu_single_family,0.15096036227541285
opportunity,0.1503357845983094
existing_units,0.14972987383611971
coastal_height_limit,0.12843049539916898
nbr_sites_400m,0.10466551639695648
airport_noise,0.06648969604340789
lu_other,0.06477860863865889
floodway,0.05593784693749442
lu_commercial,0.04548234020012017
mhpa_share,0.04449491314688022
lu_parking,0.041332339050014655
lu_office,0.031862558167621464
affordable_site,0.02444458657557222
requires_demo,0.021775193512228293
coastal_zone,0.011313103675123922
minority_area,0.01101151146054433
poverty_area,0.007805922604102175
recap,0.006484031885386131
lu_industrial,0.005664963029384205
lu_multi_family,0.0027759209967792436
