cpa,sites,claimed_units,expected_units,mean_prob,observed_rate,realization_ratio
University,257,13241,5386.601504823249,0.3032956520140879,0.39299610894941633,0.4068122879558379
Uptown,237,13186,7173.873530936735,0.37195672478333636,0.35443037974683544,0.5440522926540827
Mission Valley,254,13169,6349.296926790889,0.37642587208152045,0.46062992125984253,0.4821396405794585
Downtown,251,11692,5873.047166351182,0.3828144443602535,0.5298804780876494,0.5023133053670186
North Park,243,4758,1690.142679205183,0.2515552635057932,0.2551440329218107,0.35522124405321204
Pacific Beach,220,4437,1247.6940618157657,0.19209538522616196,0.19545454545454546,0.2812021775559535
Midway-Pacific Highway,229,4336,1276.556063423919,0.20584252211028972,0.2052401746724891,0.2944086862140035
Golden Hill,216,4079,1352.296229746801,0.2492201884193149,0.20833333333333334,0.33152641082294704
La Jolla,223,4073,1192.8280517895716,0.19423622725305473,0.15695067264573992,0.29286227640303747
Mid-City:Normal Heights,215,4069,1332.4905288417801,0.2032172846493096,0.22790697674418606,0.3274737107008553
College Area,205,3945,1325.4270730397536,0.2154480888450517,0.1951219512195122,0.3359764443700263
Kearny Mesa,183,3945,1121.157674410359,0.17519341074276956,0.22404371584699453,0.28419712912810113
Carmel Valley,214,3693,722.5054057339763,0.14419380721755742,0.14485981308411214,0.1956418645366846
Old Town San Diego,188,2593,755.4623527674805,0.17024302088258242,0.1595744680851064,0.2913468387070885
Barrio Logan,199,2495,697.2169490085163,0.1652368610787424,0.1658291457286432,0.2794456709452971
Serra Mesa,166,2256,595.7350562460884,0.15610376541141938,0.12650602409638553,0.26406695755589027
Otay Mesa,165,2031,380.9593168451332,0.10334293092972409,0.07272727272727272,0.187572287959199
Linda Vista,203,2028,461.98710524914196,0.14361238242962907,0.12807881773399016,0.2278042925291627
Mira Mesa,182,2016,449.3972293882816,0.13517737727376497,0.14285714285714285,0.2229152923552984
Encanto Neighborhoods,148,1993,451.10979400084756,0.13574849567887992,0.12162162162162163,0.22634711189204593
Ocean Beach,183,1958,403.2085350109734,0.11325176251180488,0.1092896174863388,0.20592877171142665
Peninsula,176,1890,391.0135384081545,0.1261252468354094,0.07954545454545454,0.2068854700572246
Mid-City:City Heights,182,1868,361.94846094065247,0.12481451810730505,0.14285714285714285,0.19376255939007092
Clairemont Mesa,180,1864,404.72967352686777,0.13698625103436088,0.17222222222222222,0.21712965317965008
Tierrasanta,148,1798,374.9486432751106,0.11689289869278267,0.06756756756756757,0.20853650905178567
San Ysidro,141,1774,329.6775562816928,0.10135903014051396,0.07092198581560284,0.1858385322895675
Southeastern San Diego,131,1694,464.01801228609486,0.16266867773639043,0.08396946564885496,0.27391854326215753
Otay Mesa-Nestor,128,1554,247.56625661072445,0.08501122916177624,0.09375,0.1593090454380466
Rancho Penasquitos,132,1499,210.56604943746717,0.08558219171458534,0.10606060606060606,0.1404710136340675
Navajo,132,1490,244.22992556347785,0.10055137959274463,0.09090909090909091,0.16391270172045494
Rancho Bernardo,142,1488,345.6874156898977,0.1682787025738795,0.08450704225352113,0.23231681161955492
Skyline-Paradise Hills,127,1313,230.2987948331678,0.10450029732243246,0.05511811023622047,0.17539892980439284
